case,dice_tc,hd95_tc,dice_wt,hd95_wt,dice_et,hd95_et,dice_mean,hd95_mean
case_0001,0.9379877962253441,1.4142135381698608,0.9371355697109538,2.0,0.7998928475756764,2.0,0.8916720711706582,1.8047378460566204
case_0002,0.8117518309622022,5.0,0.8932705721115017,4.0,0.8309630231613165,5.74456262588501,0.8453284754116734,4.914854208628337
case_0003,0.9399942163100058,1.4142135381698608,0.9243575737424595,2.4494898319244385,0.9090223437352691,1.4142135381698608,0.9244580445959114,1.7593056360880535
case_0004,0.5571641020971805,63.25741195678711,0.6366755997123995,31.064449310302734,0.6625310173697271,63.71028137207031,0.6187902397264357,52.677380879720054
case_0005,0.9185219187514345,2.2360680103302,0.901567536973694,3.0,0.862598504748434,2.0,0.8942293201578542,2.412022670110067
case_0006,0.9483573144723699,3.2085516452789307,0.9644732008827468,2.4494898319244385,0.9148712268069786,2.2360680103302,0.9425672473873652,2.6313698291778564
case_0007,0.9650109714741671,1.4142135381698608,0.9442152818699666,2.8284270763397217,0.9330090567544512,1.0,0.9474117700328617,1.747546871503194
case_0008,0.9298636434581494,3.0,0.8505037936851017,3.7416574954986572,0.8554766836252489,2.8284270763397217,0.8786147069228333,3.190028190612793
case_0009,0.8389721816814825,5.656854152679443,0.8152416942213825,6.4031243324279785,0.6859028271980333,4.358899116516113,0.7800389010336327,5.472959200541179
case_0010,0.904669872803272,2.2360680103302,0.7850568769389865,30.116439819335938,0.9163536636260657,1.4142135381698608,0.8686934711227748,11.255573789278666
case_0011,0.6951229343006852,14.347463607788086,0.9509137989267085,2.2360680103302,0.9345436375749501,2.2680864334106445,0.8601934569341146,6.283872683842977
case_0012,0.9362031342987502,2.0,0.9383229383229383,3.1622776985168457,0.8295368522469204,1.7320507764816284,0.9013543082895362,2.298109491666158
case_0013,0.8838840286313354,4.0,0.930643397213372,11.148900032043457,0.7566420438313676,2.0,0.8570564898920251,5.716300010681152
case_0014,0.9387414479032525,6.4031243324279785,0.9347158465212388,4.123105525970459,0.9125920548651772,4.242640495300293,0.9286831164298895,4.922956784566243
case_0015,0.950958729405484,1.4142135381698608,0.9282704113624102,2.4494898319244385,0.8613836048792971,2.2360680103302,0.9135375818823972,2.0332571268081665
case_0016,0.0,23.440345764160156,0.841715894661293,4.123105525970459,,,0.4208579473306465,13.781725645065308
case_0017,0.7108159016555963,6.7082037925720215,0.8255379367901593,16.5227108001709,0.3798118049615056,11.137585639953613,0.6387218811357537,11.456166744232178
case_0018,0.9099349309633391,1.7320507764816284,0.907359241126071,2.4494898319244385,0.8048649230438059,2.4494898319244385,0.874053031711072,2.2103434801101685
case_0019,0.9341181797600181,1.0,0.9234938552357163,2.0,0.9351519502273271,1.0,0.930921328407687,1.3333333333333333
case_0020,0.7644712692361993,5.0,0.9213211895094919,2.4494898319244385,0.779884675094256,3.0,0.8218923779466492,3.483163277308146
case_0021,0.6649312979937898,8.246211051940918,0.8810665504213891,15.65247631072998,0.7865632428374828,37.24177932739258,0.7775203637508872,20.380155563354492
case_0022,0.8909477577438742,3.7416574954986572,0.923813440553242,3.7416574954986572,0.743921481151015,6.430278778076172,0.8528942264827104,4.637864589691162
case_0023,0.49270550764538373,27.604347229003906,0.9229753130790738,7.280109882354736,0.9074938848120969,2.0,0.7743915685121848,12.294819037119547
case_0024,0.9505198229513908,2.2360680103302,0.8974458998891307,5.74456262588501,0.8728983848403917,1.7320507764816284,0.9069547025603044,3.2375604708989463
case_0025,0.7756806021050155,3.7416574954986572,0.9069279561665474,4.123105525970459,0.0,,0.5608695194238543,3.932381510734558
case_0026,0.733035804848362,3.0,0.8942723004694836,5.78775691986084,0.16666666666666666,10.16840648651123,0.5979915906615041,6.3187211354573565
case_0027,0.9595440840263743,1.4142135381698608,0.9440939311867671,5.0,0.900509759498083,2.0,0.9347159249037414,2.80473784605662
case_0028,0.9488840674262999,1.4142135381698608,0.9393767231016728,2.4494898319244385,0.8305935856743569,2.2360680103302,0.9062847920674432,2.0332571268081665
case_0029,0.8121632158017846,5.656854152679443,0.8865367099347443,4.242640495300293,0.7560389967309862,4.123105525970459,0.8182463074891717,4.674200057983398
case_0030,0.9377031911222506,2.8284270763397217,0.9327797037219665,3.605551242828369,0.9008494133852084,2.8284270763397217,0.9237774360764752,3.087468465169271
case_0031,0.9508718616597931,1.0,0.9250191556901521,2.0,0.889334548769371,2.0,0.9217418553731055,1.6666666666666667
case_0032,0.8485599117256288,3.316624879837036,0.918967052537845,2.2360680103302,0.8358469690793687,2.2360680103302,0.8677913111142809,2.5962536334991455
case_0033,0.9638742932491559,2.0,0.9530636919802727,2.4494898319244385,0.8509181236790822,2.2360680103302,0.9226187029695035,2.2285192807515464
case_0034,0.6520363445626978,9.219544410705566,0.8885902115961685,5.385164737701416,0.7469888761028002,12.083045959472656,0.7625384774205554,8.895918369293213
case_0035,0.4654994850669413,5.598321914672852,0.7644665320701972,7.874007701873779,,,0.6149830085685692,6.736164808273315
case_0036,0.9081498781771261,2.8284270763397217,0.9015664593411656,3.605551242828369,0.8048630902990729,2.2360680103302,0.8715264759391216,2.890015443166097
case_0037,0.9406831786954978,2.4494898319244385,0.9363603256102627,3.0,0.8393626685923269,3.0,0.9054687242993625,2.8164966106414795
case_0038,0.9384843090312591,3.0,0.9374467612310655,3.605551242828369,0.8603469602641559,3.316624879837036,0.9120926768421601,3.3073920408884683
case_0039,0.9371006419517717,2.2360680103302,0.9582219354045666,2.8284270763397217,0.8936789864188848,2.2360680103302,0.9296671879250743,2.433521032333374
case_0040,0.9411329528640879,4.4721360206604,0.9421810937229312,2.0,0.8176348547717842,2.0,0.9003163004529343,2.8240453402201333
case_0041,0.9086588061901253,4.242640495300293,0.9614313760485454,2.8284270763397217,0.6003638568829593,17.618154525756836,0.8234846797072101,8.229740699132284
case_0042,0.8641344302468056,11.747340202331543,0.9483474365517712,2.2360680103302,0.7531922336889977,16.767520904541016,0.8552247001625249,10.250309705734253
case_0043,0.7997426528605591,7.348469257354736,0.954828456869828,2.2360680103302,0.12530712530712532,36.4100456237793,0.6266260783458375,15.331527630488077
case_0044,0.9197774455256257,2.0,0.9127337104365474,4.4721360206604,0.8096460868594395,2.0,0.8807190809405375,2.8240453402201333
case_0045,0.9491423261421001,4.123105525970459,0.9566802003076048,2.4494898319244385,0.8355180509950356,2.2360680103302,0.9137801924815802,2.936221122741699
case_0046,0.4299018374024666,19.02629852294922,0.9013185002060157,3.0,0.515527950310559,4.123105525970459,0.6155827626396805,8.716468016306559
case_0047,0.9510037707479237,2.0,0.9325551279479088,2.8284270763397217,0.8488887963175106,2.2360680103302,0.9108158983377811,2.3548316955566406
case_0048,0.9311254159997236,2.2360680103302,0.8959111884685422,3.316624879837036,,,0.9135183022341329,2.776346445083618
case_0049,0.9384036979969184,7.0,0.9562775309211918,1.4142135381698608,0.8948355503073664,2.2360680103302,0.9298389264084922,3.5500938495000205
case_0050,0.7054067710965134,5.431195259094238,0.6518365235385412,11.357816696166992,0.6797301638291038,5.916079998016357,0.6789911528213861,7.568363984425862
case_0051,0.7074700529535757,20.34699058532715,0.9357908414995164,3.316624879837036,0.9079099976803526,1.7320507764816284,0.8503902973778149,8.465222080548605
case_0052,0.45918367346938777,13.152946472167969,0.8167544897300785,2.2360680103302,,,0.6379690815997331,7.6945072412490845
case_0053,0.9061663561978269,7.211102485656738,0.947312536885175,3.1622776985168457,0.8266192922648485,4.123105525970459,0.8933660617826168,4.832161903381348
case_0054,0.8779608844175832,18.84144401550293,0.944046806598199,2.8284270763397217,0.9041280215291461,7.0,0.9087119041816427,9.556623697280884
case_0055,0.6315112858167075,27.014806747436523,0.8610547329895192,12.041594505310059,0.6425992779783394,42.06830596923828,0.7117217655948553,27.041569073994953
case_0056,0.8754540736896731,2.0,0.7631076006040923,7.8102498054504395,0.6928054815378759,2.8284270763397217,0.7771223852772137,4.212892293930054
case_0057,0.9480948257198528,2.8284270763397217,0.946051359261735,2.2360680103302,0.8373670417758594,3.0,0.9105044089191491,2.688165028889974
case_0058,0.9052326729414862,3.1622776985168457,0.95075937496194,3.1622776985168457,0.9533046695330467,1.4142135381698608,0.9364322391454909,2.5795896450678506
case_0059,0.6398320422790125,6.123588562011719,0.8848545667411698,2.8284270763397217,0.691156462585034,2.8284270763397217,0.7386143572017388,3.926814238230387
case_0060,0.8350787356100566,11.401754379272461,0.935543061039122,2.4494898319244385,0.8851539697635523,2.4494898319244385,0.8852585888042436,5.433578014373779
case_0061,0.8871623735530295,2.0,0.9320574332413952,2.2360680103302,0.8699632596518702,2.4494898319244385,0.8963943554820983,2.2285192807515464
case_0062,0.8643851988407789,5.099019527435303,0.9337537913437004,3.0,0.767814352377349,2.8284270763397217,0.8553177808539427,3.6424822012583413
case_0063,0.8965371621621622,1.4142135381698608,0.8684719986938166,3.605551242828369,0.8473336479471448,2.6768429279327393,0.8707809362677078,2.5655359029769897
case_0064,0.8918040189659066,3.1622776985168457,0.8943844126961105,2.8284270763397217,0.8651546091015169,2.0,0.8837810135878446,2.6635682582855225
case_0065,0.8964643799472296,1.4142135381698608,0.8684050939963615,3.605551242828369,0.8473336479471448,2.6768429279327393,0.8707343739635786,2.5655359029769897
case_0066,0.9004931256327358,3.316624879837036,0.9222005423639129,18.681541442871094,0.7192289272030651,3.1622776985168457,0.847307531733238,8.38681467374166
case_0067,0.36155431712344455,13.928388595581055,0.935879848907092,3.7416574954986572,0.2757691443970357,17.902246475219727,0.5244011034758573,11.857430855433146
case_0068,0.8957837369901824,4.582575798034668,0.9167938839537931,5.099019527435303,0.876663146779303,3.316624879837036,0.8964135892410928,4.332740068435669
case_0069,0.6833680573199857,13.190905570983887,0.7542778918548939,8.062257766723633,0.7525102531466553,11.575837135314941,0.7300520674405117,10.943000157674154
case_0070,0.960516895445345,1.4142135381698608,0.6828184324382659,17.748239517211914,0.92249743446217,1.4142135381698608,0.8552775874485937,6.858888864517212
case_0071,0.8762742354587247,4.123105525970459,0.9011398863342805,4.358899116516113,0.7722772277227723,5.196152210235596,0.8498971165052591,4.559385617574056
case_0072,0.9571072514451998,1.4142135381698608,0.9425069026964576,2.8284270763397217,0.9181255896844533,2.2360680103302,0.9392465812753702,2.1595695416132608
case_0073,0.939271590940516,6.359888553619385,0.9602369267219496,1.4142135381698608,0.8972909261680694,3.0,0.932266481276845,3.5913673639297485
